{
  "project_info": {
    "project_number": "157785355476",
    "project_id": "mantenimientoappfirebase",
    "storage_bucket": "mantenimientoappfirebase.appspot.com"
  },
  "client": [
    {
      "client_info": {
        "mobilesdk_app_id": "1:157785355476:android:084747505392530484f741",
        "android_client_info": {
          "package_name": "com.example.mantenimientodbfirebase"
        }
      },
      "oauth_client": [
        {
          "client_id": "157785355476-36273t56lpo3toimsutc42t8cf4opo4p.apps.googleusercontent.com",
          "client_type": 3
        }
      ],
      "api_key": [
        {
          "current_key": "AIzaSyBFJxTLgM2xDWtf3Xtk4ZPjR6ckE8r0DM4"
        }
      ],
      "services": {
        "appinvite_service": {
          "other_platform_oauth_client": [
            {
              "client_id": "157785355476-36273t56lpo3toimsutc42t8cf4opo4p.apps.googleusercontent.com",
              "client_type": 3
            }
          ]
        }
      }
    }
  ],
  "configuration_version": "1"
}